<?xml version="1.0" encoding="UTF-8"?>
<!DOCTYPE suite SYSTEM "https://testng.org/testng-1.0.dtd">
<suite name="Suite">
<listeners>
     <listener class-name="Prashant.Listners"/>
     <listener class-name="Resources.ExtentReporterNG"/>
     
</listeners>

  <test  name="Validating User login">
    <classes>
      <class name="Prashant.HomePage"/>
      
    </classes>
  </test>
  
  <test  name="Validating title in the page">
    <classes>
      <class name="Prashant.HomePageAboutUsTest"/>
      </classes>
  </test>
  
</suite> 
